{"cameraMode":{"drawMode":0,"name":"Shaded","section":"Shading Mode"},"sceneLighting":true,"audioPlay":false,"sceneViewState":{"showFog":true,"showMaterialUpdate":false,"showSkybox":true,"showFlares":true,"showImageEffects":true,"showParticleSystems":true},"in2DMode":false,"pivot":{"x":-0.06636267155408859,"y":0.10939057171344757,"z":11.77421760559082},"rotation":{"x":-0.16360662877559663,"y":-0.6378400325775147,"z":0.14116816222667695,"w":-0.7392323613166809},"size":26.555206298828126,"orthographic":false}